detected_on,domain,url,title,keyword_keybert
2026-05-22,123-sommeil.com/,https://www.123-sommeil.com/fatigue-mentale-et-sommeil-comment-retrouver-un-meilleur-equilibre-naturellement,Fatigue mentale et sommeil : comment retrouver un meilleur équilibre naturellement - 123 Sommeil,fatigue mentale sommeil
2026-05-22,choisirsonmatelas.fr/,https://choisirsonmatelas.fr/ecrans-soir-sommeil,Écrans le soir : pourquoi ils sabotent votre sommeil (et comment s'en débarrasser),écrans soir
2026-05-22,matelas-experience.com/,https://www.matelas-experience.com/nettoyage-de-matelas-ce-qui-fonctionne-vraiment-et-ce-qui-aggrave-les-degats,Nettoyage de matelas : ce qui fonctionne vraiment et ce qui aggrave les dégâts,nettoyage matelas
2026-05-22,positivia.fr/,https://positivia.fr/explorez-lunivers-erotique-qui-correspond-a-vos-desirs,Explorez l'univers érotique qui correspond à vos désirs - Positivia.fr,explorez univers érotique
2026-05-22,www.garancedore.fr/,https://www.garancedore.fr/les-tendances-ongles-de-mariage-2026,Les tendances ongles de mariage 2026 - Garan Cedore Magazine,tendances ongles mariage
2026-05-23,monrituelsommeil.fr/,https://monrituelsommeil.fr/00h00-signification-heure-miroir,00h00 heure miroir : signification de minuit et message,00h00 heure miroir
2026-05-23,www.garancedore.fr/,https://www.garancedore.fr/la-commode-ce-meuble-qui-change-tout-dans-une-piece,"La commode, ce meuble qui change tout dans une pièce - Garan Cedore Magazine",commode meuble qui
2026-05-23,www.maubl.com/,https://www.maubl.com/porte-de-garage-sectionnelle-comment-bien-la-choisir,Porte de garage sectionnelle : comment bien la choisir ? - Maubl,porte garage sectionnelle
2026-05-24,bienetreetconfort.com/,https://bienetreetconfort.com/deshumidificateur-buanderie,Deshumidificateur buanderie : sécher le linge plus vite,deshumidificateur buanderie
2026-05-25,choisirsonmatelas.fr/,https://choisirsonmatelas.fr/matelas-hotels,Pourquoi les matelas d'hôtel sont toujours aussi mous (et ce que ça dit sur votre sommeil),pourquoi matelas hôtel
2026-05-25,matelas-experience.com/,https://www.matelas-experience.com/budget-matelas-300-600-ou-1-200-euros-le-prix-dit-il-vraiment-quelque-chose,"Budget matelas : 300, 600 ou 1 200 euros, le prix dit-il vraiment quelque chose ?",budget matelas
2026-05-26,bienetreetconfort.com/,https://bienetreetconfort.com/meilleur-ventilateur-plafond,Meilleur ventilateur plafond : comparatif 2026,meilleur ventilateur plafond
2026-05-26,bienetreetconfort.com/,https://bienetreetconfort.com/tag/ventilation-et-rafraichissement,Archives des ventilation et rafraichissement - Bien-être & Confort,archives ventilation rafraichissement
2026-05-26,le-temple-du-sommeil.fr/,https://le-temple-du-sommeil.fr/blogs/blog/insomnie-cinq-astuces-pour-retrouver-un-sommeil-profond,Insomnie : Cinq astuces pour retrouver un sommeil profond ! – Le Temple Du Sommeil,insomnie
2026-05-26,monrituelsommeil.fr/,https://monrituelsommeil.fr/nuubu-avis,"Nuubu avis : j’ai testé les patchs détox 3 semaines, voici la vraie histoire - MON RITUEL SOMMEIL",nuubu avis
2026-05-27,matelas-experience.com/,https://www.matelas-experience.com/grande-enquete-2025-sur-les-matelas,Grande Enquête 2025 sur les matelas - Matelas Experience,enquête 2025 matelas
2026-05-27,matelas-experience.com/,https://www.matelas-experience.com/legals,Mentions légales - Matelas Experience,mentions légales
2026-05-27,matelas-experience.com/,https://www.matelas-experience.com/matelas-pour-personnes-fortes-densite-epaisseur-et-soutien-les-vrais-reperes,"Matelas pour personnes fortes : densité, épaisseur et soutien, les vrais repères",matelas personnes fortes
2026-05-27,matelas-experience.com/,https://www.matelas-experience.com/privacy,Politique de confidentialité - Matelas Experience,politique confidentialité
2026-05-27,matelas-experience.com/,https://www.matelas-experience.com/produits-services/draps-et-accessoires/traversins/traversins-en-plumes,Draps et accessoires : Traversins : Traversins en plumes - Matelas Experience,draps accessoires
2026-05-27,matelas-experience.com/,https://www.matelas-experience.com/produits-services/lits/types-de-lits/lits-electriques-de-relaxation,Lits : Types de lits : Lits électriques de relaxation - Matelas Experience,lits
2026-05-27,matelas-experience.com/,https://www.matelas-experience.com/produits-services/matelas/sommier/sommier-a-plots,Matelas : Sommier : Sommier à plots - Matelas Experience,matelas
2026-05-27,matelas-experience.com/,https://www.matelas-experience.com/produits-services/matelas/surmatelas/surmatelas-rafraichissant,Matelas : Surmatelas : Surmatelas rafraîchissant - Matelas Experience,matelas
2026-05-27,matelas-experience.com/,https://www.matelas-experience.com/produits-services/tete-de-lit/tetes-de-lit/tete-de-lit-avec-rangement,Tête de lit : Têtes de lit : Tête de lit avec rangement - Matelas Experience,tête lit
2026-05-27,matelas-experience.com/,https://www.matelas-experience.com/showroom/adamson-1/produits-services,Adamson : Produits & services - Matelas Experience,adamson
2026-05-27,matelas-experience.com/,https://www.matelas-experience.com/showroom/adamson-1/produits-services/b10-refroidisseur-lit-twin-190x100-cm-surmatelas-rafraichissant-100-coton-matelas-climatise-ideal-contre-les-sueurs-nocturnes-pour-les-dormeurs-chauds-garantie-5-ans-noir-de-minuit,Adamson : B10 Refroidisseur Lit Twin 190x100 CM - Surmatelas Rafraichissant 100% Coton - Matelas Climatisé Idéal Contre Les Sueurs Nocturnes - Pour Les Dormeurs Chauds - Garantie 5 Ans - Noir de Minuit - Matelas Experience,adamson
2026-05-27,matelas-experience.com/,https://www.matelas-experience.com/showroom/am-qualitatsmatratzen/produits-services/matelas-a-ressorts-ensaches-100x220-avec-1000-ressorts-et-7-zones-de-confort-soutien-et-adaptabilite-parfaits-matelas-100-x-220-cm-24-cm-epaisseur-matelas-orthopedique-100220-equilibre-equilibre-a-partir-de-80-kg-100-x-220-cm,AM Qualitätsmatratzen : Matelas à ressorts ensachés 100x220 avec 1000 ressorts et 7 zones de confort - Soutien et adaptabilité parfaits - Matelas 100 x 220 cm 24 cm epaisseur - Matelas orthopédique 100/220 – équilibré Équilibré - à partir de 80 kg 100 x 220 cm - Matelas Experience,am qualitätsmatratzen
2026-05-27,matelas-experience.com/,https://www.matelas-experience.com/showroom/autsel/produits-services/surmatelas-160x190-en-mousse-a-memoire-de-forme-et-gel-rafraichissant-sur-matelas-2-personnes-avec-housse-amovible-epaisseur-10-cm-et-lavable-en-machine-ergonomique-hypoallergenique-160190-100-centimetres,"Autsel : Surmatelas 160x190, en Mousse à Mémoire de Forme et Gel Rafraîchissant, sur Matelas 2 Personnes avec Housse Amovible, Épaisseur 10 cm et Lavable en Machine – Ergonomique, Hypoallergénique 160*190 10.0 Centimètres - Matelas Experience",autsel
2026-05-27,matelas-experience.com/,https://www.matelas-experience.com/showroom/bedstory/produits-services/surmatelas-180-x-200-a-memoire-de-forme-75cm-bambou-eliminant-odeurs-et-acariens-housse-amovible-et-lavable-rafraichissant-respirant-et-moelleux-18020075-cm,"BedStory : Surmatelas 180 x 200 à Mémoire de Forme 7,5cm, Bambou Éliminant Odeurs et Acariens, Housse Amovible et Lavable, Rafraichissant, Respirant et Moelleux 180×200×7.5 cm - Matelas Experience",bedstory
2026-05-27,matelas-experience.com/,https://www.matelas-experience.com/showroom/bellecour/produits-services/literie-sommier-a-lattes-en-bois-avec-pieds-capitole-90x190-cm-hauteur-30-cm-cadre-de-lit-robuste-gris-clair-montage-facile-90-x-190-cm-gris,BELLECOUR : LITERIE - Sommier à Lattes en Bois avec Pieds CAPITOLE 90x190 cm Hauteur 30 cm - Cadre de lit Robuste Gris Clair - Montage Facile 90 x 190 cm Gris - Matelas Experience,bellecour
2026-05-27,matelas-experience.com/,https://www.matelas-experience.com/showroom/brinlawb/produits-services/lit-flottant-90190-cm-avec-multiprise-2-prises-1-usb-a-1-usb-c-et-eclairage-led-cadre-de-lit-90x190-avec-sommier-et-tete-de-lit-rembourree-solide-et-stable-lit-1-personne-lin-gris-gris-90x190cm,"Brinlawb : Lit Flottant 90×190 cm avec Multiprise (2 Prises, 1 USB-A, 1 USB-C) et Éclairage LED, Cadre de Lit 90x190 avec Sommier et Tête de Lit Rembourrée, Solide et Stable Lit 1 Personne, Lin Gris Gris 90x190cm - Matelas Experience",brinlawb
2026-05-27,matelas-experience.com/,https://www.matelas-experience.com/showroom/climsom/produits-services,Climsom : Produits & services - Matelas Experience,climsom
2026-05-27,matelas-experience.com/,https://www.matelas-experience.com/showroom/climsom/produits-services/surmatelas-rafraichissant-chauffant-70x190cm-etude-clinique-pr-leger-18-a-48c-jambes-lourdes-bouffees-chaleur-sommeil-zero-electricite-dans-le-lit-1-personne-70-x-190-x-15-cm,"Climsom : Surmatelas Rafraîchissant & Chauffant 70x190cm – Étude Clinique Pr Léger – 18 à 48°C – Jambes Lourdes, Bouffées Chaleur, Sommeil – Zéro Électricité dans Le Lit – 1 Personne 70 x 190 x 1.5 cm - Matelas Experience",climsom
2026-05-27,matelas-experience.com/,https://www.matelas-experience.com/showroom/cosyworld/produits-services/cosy2go-sommier-a-lattes-120x200-cm-reglable-electriquement-cosy2go-2m-adapte-a-chaque-lit-egalement-a-tous-les-sommier-tapissier-120x200-cm-ultra-plat-pliable-adapte-a-tous-les-matelas,"COSYWORLD : COSY2GO Sommier à Lattes 120x200 cm réglable électriquement - Cosy2Go 2M - adapté à Chaque lit - également à Tous Les sommier tapissier - 120x200 cm - Ultra-Plat, Pliable, adapté à Tous Les Matelas - Matelas Experience",cosyworld
2026-05-27,matelas-experience.com/,https://www.matelas-experience.com/showroom/dunlopillo/produits-services,Dunlopillo : Produits & services - Matelas Experience,dunlopillo
2026-05-27,matelas-experience.com/,https://www.matelas-experience.com/showroom/dunlopillo/produits-services/traversin-plume-leternel-ferme-blanc-140-cm,Dunlopillo : Traversin Plume l'Eternel - Ferme Blanc 140 cm - Matelas Experience,dunlopillo
2026-05-27,matelas-experience.com/,https://www.matelas-experience.com/showroom/festnight/produits-services,Festnight : Produits & services - Matelas Experience,festnight
2026-05-27,matelas-experience.com/,https://www.matelas-experience.com/showroom/festnight/produits-services/tete-de-lit-100-cm-tete-de-lit-avec-rangement-tetes-de-lit-pour-adulte-armoire-de-tete-de-lit-murale-meuble-de-chambre-a-coucher-avec-rangement-chene-sonoma-100x185x1045-cm-chene-sonoma-100x185x1045-cm,"Festnight : Tete de lit 100 cm Tête de lit avec Rangement Têtes de lit pour Adulte Armoire de Tête de Lit Murale Meuble de Chambre à Coucher avec Rangement-Chêne sonoma-100x18,5x104,5 cm Chêne Sonoma 100x18,5x104,5 cm - Matelas Experience",festnight
2026-05-27,matelas-experience.com/,https://www.matelas-experience.com/showroom/festnight/produits-services/tete-de-lit-avec-rangement-tete-de-lit-160-cm-tetes-de-lit-pour-adulte-chene-sonoma-160x19x1035-cm-chene-sonoma-160x19x1035-cm,"Festnight : Tête de lit avec Rangement Tete de lit 160 cm Têtes de lit pour Adulte-Chêne sonoma-160x19x103,5 cm Chêne Sonoma 160x19x103,5 cm - Matelas Experience",festnight
2026-05-27,matelas-experience.com/,https://www.matelas-experience.com/showroom/homescapes/produits-services/traversin-naturel-en-plumes-de-canard-coussin-de-grossesse-oreiller-de-corps-145x40-cm-avec-taie-de-traversin-en-100-coton,"HOMESCAPES : Traversin Naturel en Plumes de Canard, Coussin de Grossesse, Oreiller de Corps 145x40 cm avec taie de traversin en 100% Coton - Matelas Experience",homescapes
2026-05-27,matelas-experience.com/,https://www.matelas-experience.com/showroom/ikayaa/produits-services,IKAYAA : Produits & services - Matelas Experience,ikayaa
2026-05-27,matelas-experience.com/,https://www.matelas-experience.com/showroom/ikayaa/produits-services/tete-de-lit-200-avec-rangement-tetes-de-lit-pour-adulte-meuble-de-chambre-a-coucher-accessoire-de-lit-interieur-chene-sonoma-200x19x1035-cm-chene-sonoma-200x19x1035-cm,"IKAYAA : Tête de lit 200 avec Rangement Têtes de lit pour Adulte Meuble de Chambre à Coucher Accessoire de Lit Intérieur -Chêne sonoma-200x19x103,5 cm Chêne Sonoma 200x19x103,5 cm - Matelas Experience",ikayaa
2026-05-27,matelas-experience.com/,https://www.matelas-experience.com/showroom/someo/produits-services,Someo : Produits & services - Matelas Experience,someo
2026-05-27,matelas-experience.com/,https://www.matelas-experience.com/showroom/someo/produits-services/sommier-electrique-de-relaxation-lattes-plots-tissu-anthracite-90x200-anthracite-l200cm-x-l90cm,Someo : Sommier électrique de Relaxation Lattes + plots Tissu Anthracite 90x200 Anthracite L200cm x l90cm - Matelas Experience,someo
2026-05-27,matelas-experience.com/,https://www.matelas-experience.com/showroom/vidaxl/produits-services/tete-de-lit-de-rangement-blanc-2075-x-1375-x-765-cm-mobilier-de-chambre-tete-de-lit-rectangulaire-solutions-de-rangement-design-compact-et-pratique-style-minimaliste,"vidaXL : Tête de lit de Rangement Blanc 207,5 x 137,5 x 76,5 cm, Mobilier de Chambre, tête de lit rectangulaire, Solutions de Rangement, Design Compact et Pratique, Style Minimaliste - Matelas Experience",vidaxl
2026-05-27,matelas-experience.com/,https://www.matelas-experience.com/test-b10-refroidisseur-lit-twin-190x100-cm-surmatelas-rafraichissant-100-coton-matelas-climatise-ideal-contre-les-sueurs-nocturnes-pour-les-dormeurs-chauds-garantie-5-ans-noir-de-minuit,Test Adamson B10 Refroidisseur Lit Twin : le surmatelas qui calme (un peu) les nuits de four,test adamson b10
2026-05-27,matelas-experience.com/,https://www.matelas-experience.com/test-cosy2go-sommier-a-lattes-120x200-cm-reglable-electriquement-cosy2go-2m-adapte-a-chaque-lit-egalement-a-tous-les-sommier-tapissier-120x200-cm-ultra-plat-pliable-adapte-a-tous-les-matelas,,
2026-05-27,matelas-experience.com/,https://www.matelas-experience.com/test-homn-living-sommier-tapissier-aura-160x200-cm-beige-hauteur-30-cm-160-x-200-cm-beige,,
2026-05-27,matelas-experience.com/,https://www.matelas-experience.com/test-ikayaa-tete-de-lit-160-tete-de-lit-avec-rangement-160-tetes-de-lit-pour-adulte-tete-de-lit-160-bois-rangement-supplementaire-design-contemporain-sonoma-gris-2-160x185x1045-cm,"Test IKAYAA tête de lit 160 : du rangement pas cher, mais faut pas être maniaque",test ikayaa tête
2026-05-27,matelas-experience.com/,https://www.matelas-experience.com/test-lit-flottant-90190-cm-avec-multiprise-2-prises-1-usb-a-1-usb-c-et-eclairage-led-cadre-de-lit-90x190-avec-sommier-et-tete-de-lit-rembourree-solide-et-stable-lit-1-personne-lin-gris-gris-9,,
2026-05-27,matelas-experience.com/,https://www.matelas-experience.com/test-literie-sommier-a-lattes-en-bois-avec-pieds-capitole-90x190-cm-hauteur-30-cm-cadre-de-lit-robuste-gris-clair-montage-facile-90-x-190-cm-gris,"Test BELLECOUR Sommier Capitole 90x190 : un cadre de lit correct, mais pas sans défauts",sommier capitole 90x190
2026-05-27,matelas-experience.com/,https://www.matelas-experience.com/test-long-coussin-en-coton-et-lin-de-couleur-unie-traversin-en-plumes-de-coton-lavable-et-durable-pour-la-maison-le-lit-le-canape-les-pieds-repose-pieds-4-20-x-78-cm-4-2078cm,Test long coussin coton-lin 20x78 cm : le traversin basique qui fait le job sur le lit ou le canapé,long coussin coton
2026-05-27,matelas-experience.com/,https://www.matelas-experience.com/test-matelas-a-ressorts-ensaches-100x220-avec-1000-ressorts-et-7-zones-de-confort-soutien-et-adaptabilite-parfaits-matelas-100-x-220-cm-24-cm-epaisseur-matelas-orthopedique-100220-equilibre-e,,
2026-05-27,matelas-experience.com/,https://www.matelas-experience.com/test-natgreen-sommier-relaxation-electrique-plots-relax-80x200,,
2026-05-27,matelas-experience.com/,https://www.matelas-experience.com/test-premium-protege-matelas-regulateur-climatique-effet-rafraichissant-sommeil-optimal-tampon-de-voyage-ideal-pour-les-nuits-chaudes-protege-matelas-contre-la-transpiration-100x210,,
2026-05-27,matelas-experience.com/,https://www.matelas-experience.com/test-sommier-electrique-de-relaxation-lattes-plots-tissu-anthracite-90x200-anthracite-l200cm-x-l90cm,,
2026-05-27,matelas-experience.com/,https://www.matelas-experience.com/test-sommier-extensible-sommier-modulable-1-a-2-places-84-156-cm-27-lattes-multiplis-lit-gain-de-place-compact-ideal-studio-et-lit-dappoint,,
2026-05-27,matelas-experience.com/,https://www.matelas-experience.com/test-surmatelas-160x190-en-mousse-a-memoire-de-forme-et-gel-rafraichissant-sur-matelas-2-personnes-avec-housse-amovible-epaisseur-10-cm-et-lavable-en-machine-ergonomique-hypoallergenique-1601,,
2026-05-27,matelas-experience.com/,https://www.matelas-experience.com/test-surmatelas-180-x-200-a-memoire-de-forme-75cm-bambou-eliminant-odeurs-et-acariens-housse-amovible-et-lavable-rafraichissant-respirant-et-moelleux-18020075-cm,,
2026-05-27,matelas-experience.com/,https://www.matelas-experience.com/test-surmatelas-rafraichissant-chauffant-70x190cm-etude-clinique-pr-leger-18-a-48c-jambes-lourdes-bouffees-chaleur-sommeil-zero-electricite-dans-le-lit-1-personne-70-x-190-x-15-cm,,
2026-05-27,matelas-experience.com/,https://www.matelas-experience.com/test-tete-de-lit-100-cm-tete-de-lit-avec-rangement-tetes-de-lit-pour-adulte-armoire-de-tete-de-lit-murale-meuble-de-chambre-a-coucher-avec-rangement-chene-sonoma-100x185x1045-cm-chene-sonoma-,"Test Festnight Tête de lit 100 cm : du rangement malin, mais un montage qui peut vite saouler",lit 100 cm
2026-05-27,matelas-experience.com/,https://www.matelas-experience.com/test-tete-de-lit-200-avec-rangement-tetes-de-lit-pour-adulte-meuble-de-chambre-a-coucher-accessoire-de-lit-interieur-chene-sonoma-200x19x1035-cm-chene-sonoma-200x19x1035-cm,"Test IKAYAA Tête de lit 200 cm : du rangement pas cher, mais faut aimer le montage",test ikayaa tête
2026-05-27,matelas-experience.com/,https://www.matelas-experience.com/test-tete-de-lit-avec-rangement-tete-de-lit-160-cm-tetes-de-lit-pour-adulte-chene-sonoma-160x19x1035-cm-chene-sonoma-160x19x1035-cm,Test Festnight Tête de lit 160 cm avec rangements : pratique mais clairement pas premium,160 cm rangements
2026-05-27,matelas-experience.com/,https://www.matelas-experience.com/test-tete-de-lit-de-rangement-blanc-2075-x-1375-x-765-cm-mobilier-de-chambre-tete-de-lit-rectangulaire-solutions-de-rangement-design-compact-et-pratique-style-minimaliste,Test vidaXL Tête de lit de Rangement : du stockage autour du lit sans se ruiner,test vidaxl tête
2026-05-27,matelas-experience.com/,https://www.matelas-experience.com/test-traversin-naturel-en-plumes-de-canard-coussin-de-grossesse-oreiller-de-corps-145x40-cm-avec-taie-de-traversin-en-100-coton,Test HOMESCAPES Traversin Plumes 145x40 : le gros coussin de corps qui fait (à moitié) le job,homescapes traversin plumes
2026-05-27,matelas-experience.com/,https://www.matelas-experience.com/test-traversin-plume-leternel-ferme-blanc-140-cm,Test Dunlopillo Traversin Plume l'Eternel 140 cm : un gros boudin ferme qui tient bien la route,dunlopillo traversin plume
2026-05-27,matelas-experience.com/,https://www.matelas-experience.com/top-lits-electriques-de-relaxation,Quel lits électriques de relaxation choisir ? Top 3 (mai 2026),électriques relaxation choisir
2026-05-27,www.celyatis.com/,http://www.celyatis.com/blog/metier-sante/comment-bien-choisir-sa-complementaire-sante-sans-se-tromper.html,Comment bien choisir sa complémentaire santé sans se tromper - Blog santé,complémentaire santé sans
2026-05-27,www.garancedore.fr/,https://www.garancedore.fr/guide-de-la-routine-skincare-coreenne,Guide de la routine skincare coréenne - Garan Cedore Magazine,routine skincare coréenne
2026-05-28,bienetreetconfort.com/,https://bienetreetconfort.com/rafraichir-une-piece-avec-un-ventilateur,Rafraîchir une pièce avec un ventilateur : méthodes efficaces,rafraîchir pièce ventilateur
2026-05-28,www.celyatis.com/,http://www.celyatis.com/blog/soulager-guerir/cancer-du-pancreas-comprendre-la-maladie-pour-mieux-la-detecter.html,Cancer du pancréas : comprendre la maladie pour mieux la détecter - Blog santé,cancer pancréas
2026-05-28,www.celyatis.com/,http://www.celyatis.com/blog/soulager-guerir/hypnose-en-ligne-une-alternative-douce-et-accessible-pour-transformer-son-quotidien.html,Hypnose en ligne : une alternative douce et accessible pour transformer son quotidien - Blog santé,hypnose ligne
